Quaker Chewy Granola Bars Variety Pack ,corn syrup, CORN SYRUP
Quaker Chewy Granola Bars Variety Pack ,artificial ingredient, VANILLIN [ARTIFICIAL FLAVOR]
Quaker Chewy Granola Bars Variety Pack ,sugar, SUGAR
Quaker Chewy Granola Bars Variety Pack ,corn syrup solids, CORN SYRUP SOLIDS
Quaker Chewy Granola Bars Variety Pack ,glycerin, GLYCERIN
Quaker Chewy Granola Bars Variety Pack ,fructose, FRUCTOSE
Quaker Chewy Granola Bars Variety Pack ,calcium carbonate, CALCIUM CARBONATE
Quaker Chewy Granola Bars Variety Pack ,sorbitol, SORBITOL
Quaker Chewy Granola Bars Variety Pack ,molasses, MOLASSES
Quaker Chewy Granola Bars Variety Pack ,artificial ingredient, NATURAL AND ARTIFICIAL FLAVOR
Quaker Chewy Granola Bars Variety Pack ,citric acid, CITRIC ACID
Nature Valley Granola Bars Crunchy Variety Pack ,sugar, Sugar
Nature Valley Granola Bars Crunchy Variety Pack ,canola oil, Canola Oil
Nature Valley Granola Bars Crunchy Variety Pack ,honey, Honey
Nature Valley Granola Bars Crunchy Variety Pack ,sugar, Sugar
Nature Valley Granola Bars Crunchy Variety Pack ,canola oil, Canola Oil
Nature Valley Granola Bars Crunchy Variety Pack ,sugar, Sugar
Nature Valley Granola Bars Crunchy Variety Pack ,canola oil, Canola Oil
Nature Valley Granola Bars Crunchy Variety Pack ,honey, Honey
Clif Bar Crnchy Pb Bars 12p ,magnesium oxide, Magnesium Oxide
belVita Breakfast Biscuits Sandwich Dark Chocolate Creme ,sugar, Sugar
belVita Breakfast Biscuits Sandwich Dark Chocolate Creme ,niacin, Niacin
belVita Breakfast Biscuits Sandwich Dark Chocolate Creme ,"iron, reduced", Reduced Iron
belVita Breakfast Biscuits Sandwich Dark Chocolate Creme ,wheat starch, Wheat Starch
belVita Breakfast Biscuits Sandwich Dark Chocolate Creme ,canola oil, Canola Oil
belVita Breakfast Biscuits Sandwich Dark Chocolate Creme ,niacinamide, Niacinamide
Quaker Chewy Granola Bars Chocolate Chip ,corn syrup, Corn Syrup
Quaker Chewy Granola Bars Chocolate Chip ,invert sugar, Invert Sugar
Quaker Chewy Granola Bars Chocolate Chip ,sugar, Sugar
Quaker Chewy Granola Bars Chocolate Chip ,corn syrup solids, Corn Syrup Solids
Quaker Chewy Granola Bars Chocolate Chip ,glycerin, Glycerin
Quaker Chewy Granola Bars Chocolate Chip ,sorbitol, Sorbitol
Quaker Chewy Granola Bars Chocolate Chip ,molasses, Molasses
belVita Breakfast Biscuits Banana Bread ,canola oil, Canola Oil
belVita Breakfast Biscuits Banana Bread ,sugar, Sugar
belVita Breakfast Biscuits Banana Bread ,polydextrose, Polydextrose
belVita Breakfast Biscuits Banana Bread ,wheat starch, Wheat Starch
belVita Breakfast Biscuits Banana Bread ,glycerin, Glycerin
belVita Breakfast Biscuits Banana Bread ,invert sugar, Invert Sugar
belVita Breakfast Biscuits Banana Bread ,molasses, Molasses
belVita Breakfast Biscuits Banana Bread ,niacinamide, Niacinamide
belVita Breakfast Biscuits Cranberry Orange ,niacin, Niacin
belVita Breakfast Biscuits Cranberry Orange ,"iron, reduced", Reduced Iron
belVita Breakfast Biscuits Cranberry Orange ,sugar, Sugar
belVita Breakfast Biscuits Cranberry Orange ,canola oil, Canola Oil
belVita Breakfast Biscuits Cranberry Orange ,invert sugar, Invert Sugar
belVita Breakfast Biscuits Cranberry Orange ,niacinamide, Niacinamide
Cinnamon Toast Crunch Treats Bar Cinnamon ,corn syrup, Corn Syrup
Cinnamon Toast Crunch Treats Bar Cinnamon ,"corn syrup, high fructose", High Fructose Corn Syrup
Cinnamon Toast Crunch Treats Bar Cinnamon ,fructose, Fructose
Cinnamon Toast Crunch Treats Bar Cinnamon ,canola oil, Canola Oil
Cinnamon Toast Crunch Treats Bar Cinnamon ,sugar, Sugar
Cinnamon Toast Crunch Treats Bar Cinnamon ,calcium carbonate, Calcium Carbonate
Cinnamon Toast Crunch Treats Bar Cinnamon ,maltodextrin, Maltodextrin
Cinnamon Toast Crunch Treats Bar Cinnamon ,sorbitol, Sorbitol
Cinnamon Toast Crunch Treats Bar Cinnamon ,vitamin b, Vitamin B
Cinnamon Toast Crunch Treats Bar Cinnamon ,vitamin b12, Vitamin B12
Fiber One Brownies 90 Calories Chocolate Fudge ,canola oil, Canola Oil
Fiber One Brownies 90 Calories Chocolate Fudge ,sugar, Sugar
Fiber One Brownies 90 Calories Chocolate Fudge ,polydextrose, Polydextrose
Fiber One Brownies 90 Calories Chocolate Fudge ,sorbitol, Sorbitol
Fiber One Brownies 90 Calories Chocolate Fudge ,sodium aluminum phosphate, Sodium Aluminum Phosphate
Nature Valley Protein Bars Chewy Peanut Butter Dark Chocolate ,sugar, Sugar
Nature Valley Protein Bars Chewy Peanut Butter Dark Chocolate ,corn syrup, Corn Syrup
Nature Valley Protein Bars Chewy Peanut Butter Dark Chocolate ,fructose, Fructose
Lucky Charms Treats Bar With Marshmallow ,vitamin d3, Vitamin D3
Lucky Charms Treats Bar With Marshmallow ,corn syrup, Corn Syrup
Lucky Charms Treats Bar With Marshmallow ,artificial ingredient, Artificial Flavor
Lucky Charms Treats Bar With Marshmallow ,canola oil, Canola Oil
Lucky Charms Treats Bar With Marshmallow ,fructose, Fructose
Lucky Charms Treats Bar With Marshmallow ,"corn syrup, high fructose", High Fructose Corn Syrup
Lucky Charms Treats Bar With Marshmallow ,sugar, Sugar
Lucky Charms Treats Bar With Marshmallow ,maltodextrin, Maltodextrin
Lucky Charms Treats Bar With Marshmallow ,calcium carbonate, Calcium Carbonate
Lucky Charms Treats Bar With Marshmallow ,sorbitol, Sorbitol
Lucky Charms Treats Bar With Marshmallow ,artificial ingredient, Artificial Flavor.
Quaker Chewy Granola Bars Variety Pack Value Pack ,corn syrup, Corn Syrup
Quaker Chewy Granola Bars Variety Pack Value Pack ,invert sugar, Invert Sugar
Quaker Chewy Granola Bars Variety Pack Value Pack ,sugar, Sugar
Quaker Chewy Granola Bars Variety Pack Value Pack ,corn syrup solids, Corn Syrup Solids
Quaker Chewy Granola Bars Variety Pack Value Pack ,glycerin, Glycerin
Quaker Chewy Granola Bars Variety Pack Value Pack ,calcium carbonate, Calcium Carbonate
Quaker Chewy Granola Bars Variety Pack Value Pack ,molasses, Molasses
Quaker Chewy Granola Bars Variety Pack Value Pack ,artificial ingredient, Natural and Artificial Flavor
Quaker Chewy Granola Bars Variety Pack Value Pack ,brown sugar, Brown Sugar
Quaker Chewy Granola Bars Variety Pack Value Pack ,sugar, Sugar
Rice Krispies Treats Crispy Marshmallow Squares Original Value Pack 16 Count ,corn syrup, Corn Syrup
Rice Krispies Treats Crispy Marshmallow Squares Original Value Pack 16 Count ,fructose, Fructose
Rice Krispies Treats Crispy Marshmallow Squares Original Value Pack 16 Count ,sugar, Sugar
Rice Krispies Treats Crispy Marshmallow Squares Original Value Pack 16 Count ,corn syrup solids, Corn Syrup Solids
Rice Krispies Treats Crispy Marshmallow Squares Original Value Pack 16 Count ,dextrose, Dextrose
Rice Krispies Treats Crispy Marshmallow Squares Original Value Pack 16 Count ,artificial ingredient, Natural and Artificial Flavors (Contains Milk)
Rice Krispies Treats Crispy Marshmallow Squares Original Value Pack 16 Count ,acetylated monoglycerides, Acetylated Monoglycerides
Nutri,sugar, Sugar
Nutri,dextrose, Dextrose
Nutri,fructose, Fructose
Nutri,calcium carbonate, Calcium Carbonate
Nutri,invert sugar, Invert Sugar
Nutri,potassium bicarbonate, Potassium Bicarbonate
Nutri,ethoxylated mono- and diglycerides, Mono- and Diglycerides
Nutri,niacinamide, Niacinamide
Nutri,vitamin a palmitate, Vitamin A Palmitate
Nutri,zinc oxide, Zinc Oxide
Nutri,"iron, reduced", Reduced Iron
Nutri,guar gum, Guar Gum
Nutri,corn syrup, Corn Syrup
Nutri,sugar, Sugar
Nutri,"food starch, modified", Modified Food Starch
Nutri,sodium alginate, Sodium Alginate
Nutri,sodium citrate, Sodium Citrate
Nutri,citric acid, Citric Acid
Nutri,dicalcium phosphate, Dicalcium Phosphate
Nature Valley Granola Bars Sweet & Salty Nut Cashew ,corn syrup, Corn Syrup
Nature Valley Granola Bars Sweet & Salty Nut Cashew ,sugar, Sugar
Nature Valley Granola Bars Sweet & Salty Nut Cashew ,fructose, Fructose
Nature Valley Granola Bars Sweet & Salty Nut Cashew ,canola oil, Canola Oil
Nature Valley Granola Bars Crunchy Oats n Honey ,sugar, Sugar
Nature Valley Granola Bars Crunchy Oats n Honey ,canola oil, Canola Oil
Nature Valley Granola Bars Crunchy Oats n Honey ,honey, Honey
Special K Pastry Crisps Strawberry 6 Count ,sugar, Sugar
Special K Pastry Crisps Strawberry 6 Count ,fructose, Fructose
Special K Pastry Crisps Strawberry 6 Count ,dextrose, Dextrose
Special K Pastry Crisps Strawberry 6 Count ,invert sugar, Invert Sugar
Special K Pastry Crisps Strawberry 6 Count ,sodium citrate, Sodium Citrate
Special K Pastry Crisps Strawberry 6 Count ,sodium alginate, Sodium Alginate
Special K Pastry Crisps Strawberry 6 Count ,cellulose gum, Cellulose Gum
Special K Pastry Crisps Strawberry 6 Count ,tricalcium phosphate, Tricalcium Phosphate
Special K Pastry Crisps Strawberry 6 Count ,citric acid, Citric Acid
Special K Pastry Crisps Strawberry 6 Count ,ethoxylated mono- and diglycerides, Mono- and Diglycerides
Nv Crispy Creamy Wafer Bar Pb Choc 5ct ,sugar, Sugar
Nv Crispy Creamy Wafer Bar Pb Choc 5ct ,honey, Honey
Nature Valley Granola Bars Crunchy Oats n Honey Value Pack ,sugar, Sugar
Nature Valley Granola Bars Crunchy Oats n Honey Value Pack ,honey, Honey
Nature Valley Granola Bars Sweet & Salty Nut Peanut ,corn syrup, Corn Syrup
Nature Valley Granola Bars Sweet & Salty Nut Peanut ,sugar, Sugar
Nature Valley Granola Bars Sweet & Salty Nut Peanut ,fructose, Fructose
Nature Valley Granola Bars Sweet & Salty Nut Peanut ,canola oil, Canola Oil
Nature Valley Peanut Butter Dark Chocolate XL Protein Chewy Bars ,corn syrup, Corn Syrup
Nature Valley Peanut Butter Dark Chocolate XL Protein Chewy Bars ,sugar, Sugar
Nature Valley Peanut Butter Dark Chocolate XL Protein Chewy Bars ,fructose, Fructose
Nature Valley Peanut Butter Dark Chocolate XL Protein Chewy Bars ,canola oil, Canola Oil
Nature Valley Peanut Butter Dark Chocolate XL Protein Chewy Bars ,peanut oil, Peanut Oil
Quaker Chewy Dipps Granola Bars Chocolatey Covered Chocolate Chip ,sugar, Sugar
Quaker Chewy Dipps Granola Bars Chocolatey Covered Chocolate Chip ,corn syrup, Corn Syrup
Quaker Chewy Dipps Granola Bars Chocolatey Covered Chocolate Chip ,invert sugar, Invert Sugar
Quaker Chewy Dipps Granola Bars Chocolatey Covered Chocolate Chip ,brown sugar, Brown Sugar
Quaker Chewy Dipps Granola Bars Chocolatey Covered Chocolate Chip ,corn syrup solids, Corn Syrup Solids
Quaker Chewy Dipps Granola Bars Chocolatey Covered Chocolate Chip ,glycerin, Glycerin
Quaker Chewy Dipps Granola Bars Chocolatey Covered Chocolate Chip ,lactose, Lactose
Quaker Chewy Dipps Granola Bars Chocolatey Covered Chocolate Chip ,sorbitol, Sorbitol
belVita Breakfast Biscuits Soft Baked Oats & Chocolate ,canola oil, Canola Oil
belVita Breakfast Biscuits Soft Baked Oats & Chocolate ,sugar, Sugar
belVita Breakfast Biscuits Soft Baked Oats & Chocolate ,polydextrose, Polydextrose
belVita Breakfast Biscuits Soft Baked Oats & Chocolate ,wheat starch, Wheat Starch
belVita Breakfast Biscuits Soft Baked Oats & Chocolate ,glycerin, Glycerin
belVita Breakfast Biscuits Soft Baked Oats & Chocolate ,invert sugar, Invert Sugar
belVita Breakfast Biscuits Soft Baked Oats & Chocolate ,molasses, Molasses
belVita Breakfast Biscuits Soft Baked Oats & Chocolate ,niacinamide, Niacinamide
Natures Bakery Fig Bar Stone Ground Whole Wheat Raspberry ,cane sugar, Cane Sugar
Natures Bakery Fig Bar Stone Ground Whole Wheat Raspberry ,carob bean gum (locust bean gum), Locust Bean Gum
Natures Bakery Fig Bar Stone Ground Whole Wheat Raspberry ,canola oil, Canola Oil
Natures Bakery Fig Bar Stone Ground Whole Wheat Raspberry ,glycerin, Glycerin
Natures Bakery Fig Bar Stone Ground Whole Wheat Raspberry ,citric acid, Citric Acid
belVita Breakfast Biscuits Blueberry ,niacin, Niacin
belVita Breakfast Biscuits Blueberry ,"iron, reduced", Reduced Iron
belVita Breakfast Biscuits Blueberry ,canola oil, Canola Oil
belVita Breakfast Biscuits Blueberry ,sugar, Sugar
belVita Breakfast Biscuits Blueberry ,invert sugar, Invert Sugar
belVita Breakfast Biscuits Blueberry ,niacinamide, Niacinamide
belVita Breakfast Biscuits Cinnamon Brown Sugar ,niacin, Niacin
belVita Breakfast Biscuits Cinnamon Brown Sugar ,"iron, reduced", Reduced Iron
belVita Breakfast Biscuits Cinnamon Brown Sugar ,canola oil, Canola Oil
belVita Breakfast Biscuits Cinnamon Brown Sugar ,sugar, Sugar
belVita Breakfast Biscuits Cinnamon Brown Sugar ,brown sugar, Brown Sugar
belVita Breakfast Biscuits Cinnamon Brown Sugar ,invert sugar, Invert Sugar
belVita Breakfast Biscuits Cinnamon Brown Sugar ,niacinamide, Niacinamide
belVita Breakfast Biscuits Cinnamon Brown Sugar ,molasses, Molasses
General Mills Cheerios Treats Bars Honey Nut 8 Count ,vitamin d3, Vitamin D3
General Mills Cheerios Treats Bars Honey Nut 8 Count ,sugar, Sugar
General Mills Cheerios Treats Bars Honey Nut 8 Count ,corn syrup, Corn Syrup
General Mills Cheerios Treats Bars Honey Nut 8 Count ,canola oil, Canola Oil
General Mills Cheerios Treats Bars Honey Nut 8 Count ,fructose, Fructose
General Mills Cheerios Treats Bars Honey Nut 8 Count ,calcium carbonate, Calcium Carbonate
General Mills Cheerios Treats Bars Honey Nut 8 Count ,maltodextrin, Maltodextrin
General Mills Cheerios Treats Bars Honey Nut 8 Count ,sorbitol, Sorbitol
Nature Valley Granola Bars Sweet & Salty Nut Dark Chocolate Peanut & Almond ,corn syrup, Corn Syrup
Nature Valley Granola Bars Sweet & Salty Nut Dark Chocolate Peanut & Almond ,sugar, Sugar
Nature Valley Granola Bars Sweet & Salty Nut Dark Chocolate Peanut & Almond ,fructose, Fructose
Nature Valley Granola Bars Sweet & Salty Nut Dark Chocolate Peanut & Almond ,canola oil, Canola Oil
Nature Valley Granola Bars Crunchy Peanut Butter ,sugar, Sugar
Nature Valley Granola Bars Crunchy Peanut Butter ,canola oil, Canola Oil
Nature Valley Granola Bars Chewy Trail Mix Fruit & Nut ,corn syrup, Corn Syrup
Nature Valley Granola Bars Chewy Trail Mix Fruit & Nut ,sugar, Sugar
Nature Valley Granola Bars Chewy Trail Mix Fruit & Nut ,canola oil, Canola Oil
Nature Valley Granola Bars Chewy Trail Mix Fruit & Nut ,fructose, Fructose
belVita Breakfast Biscuits Peanut Butter ,niacin, Niacin
belVita Breakfast Biscuits Peanut Butter ,"iron, reduced", Reduced Iron
belVita Breakfast Biscuits Peanut Butter ,sugar, Sugar
belVita Breakfast Biscuits Peanut Butter ,corn syrup solids, Corn Syrup Solids
belVita Breakfast Biscuits Peanut Butter ,wheat starch, Wheat Starch
belVita Breakfast Biscuits Peanut Butter ,canola oil, Canola Oil
belVita Breakfast Biscuits Peanut Butter ,niacinamide, Niacinamide
Pamelas Whenever Bars Oat Blueberry Lemon Gluten Free ,xanthan gum, Xanthan Gum
Pamelas Whenever Bars Oat Blueberry Lemon Gluten Free ,xanthan gum, Xanthan Gum
Kind Bar Chocolate Pnut Butter ,cane sugar, Cane Sugar
Kind Bar Chocolate Pnut Butter ,canola oil, Canola Oil
Kind Bar Chocolate Pnut Butter ,honey, Honey
Kind Bar Chocolate Pnut Butter ,molasses, Molasses
Nature Valley Granola Bars Crunchy Pecan Crunch ,sugar, Sugar
Nature Valley Granola Bars Crunchy Pecan Crunch ,canola oil, Canola Oil
Quaker Chewy Dipps Granola Bars Chocolatey Covered Peanut Butter Value Pack ,sugar, Sugar
Quaker Chewy Dipps Granola Bars Chocolatey Covered Peanut Butter Value Pack ,corn syrup, Corn Syrup
Quaker Chewy Dipps Granola Bars Chocolatey Covered Peanut Butter Value Pack ,corn syrup solids, Corn Syrup Solids
Quaker Chewy Dipps Granola Bars Chocolatey Covered Peanut Butter Value Pack ,invert sugar, Invert Sugar
Quaker Chewy Dipps Granola Bars Chocolatey Covered Peanut Butter Value Pack ,brown sugar, Brown Sugar
Quaker Chewy Dipps Granola Bars Chocolatey Covered Peanut Butter Value Pack ,lactose, Lactose
Quaker Chewy Dipps Granola Bars Chocolatey Covered Peanut Butter Value Pack ,dextrose, Dextrose
Quaker Chewy Dipps Granola Bars Chocolatey Covered Peanut Butter Value Pack ,sorbitol, Sorbitol
Kind Bar Protein Dark Choc ,canola oil, Canola Oil
Kind Bar Protein Dark Choc ,cane sugar, Cane Sugar
Kind Bar Protein Dark Choc ,honey, Honey
Kind Bar Protein Dark Choc ,molasses, Molasses
Bobos Bobos Bites Original ,xanthan gum, Xanthan Gum
Open Nature Sandwich Bar Peanut Butter Strawberry ,canola oil, Canola Oil
Open Nature Sandwich Bar Peanut Butter Strawberry ,glycerin, Glycerin
Protein One Protein Bars Salted Caramel Crisp ,calcium caseinate, Calcium Caseinate
Protein One Protein Bars Salted Caramel Crisp ,artificial ingredient, Natural and Artificial Flavor
Protein One Protein Bars Salted Caramel Crisp ,peanut oil, Peanut Oil
Nature Valley Mini Chocolate Peanut Butter Sandwiches ,sugar, Sugar
Nature Valley Mini Chocolate Peanut Butter Sandwiches ,corn syrup, Corn Syrup
Nature Valley Mini Chocolate Peanut Butter Sandwiches ,canola oil, Canola Oil
Kashi Chewy Granola Bars Chocolate Peanut Butter 6 Count ,cane sugar, Cane Sugar
Kashi Chewy Granola Bars Chocolate Peanut Butter 6 Count ,glycerin, Glycerin
Nature Valley Soft Bkd Filled Squares Cocoa Peanut Butter ,sugar, Sugar
Nature Valley Soft Bkd Filled Squares Cocoa Peanut Butter ,canola oil, Canola Oil
Nature Valley Sweet Salty Minis Peanut Grain Snacks ,corn syrup, Corn Syrup
Nature Valley Sweet Salty Minis Peanut Grain Snacks ,sugar, Sugar
Nature Valley Sweet Salty Minis Peanut Grain Snacks ,fructose, Fructose
Nature Valley Sweet Salty Minis Peanut Grain Snacks ,canola oil, Canola Oil
Nature Valley Chewy Bars XL Protein Salted Caramel Dark Chocolate ,corn syrup, Corn Syrup
Nature Valley Chewy Bars XL Protein Salted Caramel Dark Chocolate ,sugar, Sugar
Nature Valley Chewy Bars XL Protein Salted Caramel Dark Chocolate ,fructose, Fructose
Nature Valley Chewy Bars XL Protein Salted Caramel Dark Chocolate ,canola oil, Canola Oil
Nature Valley Granola Bars Sweet & Salty Nut Chocolate Pretzel Nut ,corn syrup, Corn Syrup
Nature Valley Granola Bars Sweet & Salty Nut Chocolate Pretzel Nut ,sugar, Sugar
Nature Valley Granola Bars Sweet & Salty Nut Chocolate Pretzel Nut ,fructose, Fructose
Nature Valley Granola Bars Sweet & Salty Nut Chocolate Pretzel Nut ,canola oil, Canola Oil
Nature Valley Granola Bars Sweet & Salty Nut Chocolate Pretzel Nut ,canola oil, Canola Oil
Signature SELECT Granola Bars Chewy Chocolate Chip ,corn syrup, Corn Syrup
Signature SELECT Granola Bars Chewy Chocolate Chip ,vanilla, Vanilla
Signature SELECT Granola Bars Chewy Chocolate Chip ,sugar, Sugar
Signature SELECT Granola Bars Chewy Chocolate Chip ,corn syrup solids, Corn Syrup Solids
Signature SELECT Granola Bars Chewy Chocolate Chip ,glycerin, Glycerin
Signature SELECT Granola Bars Chewy Chocolate Chip ,invert sugar, Invert Sugar
Signature SELECT Granola Bars Chewy Chocolate Chip ,molasses, Molasses
Signature SELECT Granola Bars Chewy Chocolate Chip ,citric acid, Citric Acid
Signature SELECT Granola Bars Chewy Chocolate Chip ,artificial ingredient, Natural and Artificial Flavors
KIND Bar Dark Chocolate Chunk Value Pack ,cane sugar, Cane Sugar
KIND Bar Dark Chocolate Chunk Value Pack ,canola oil, Canola Oil
KIND Bar Dark Chocolate Chunk Value Pack ,honey, Honey
KIND Bar Dark Chocolate Chunk Value Pack ,molasses, Molasses
KIND Breakfast Breakfast Bars Peanut Butter ,cane sugar, Cane Sugar
KIND Breakfast Breakfast Bars Peanut Butter ,canola oil, Canola Oil
KIND Breakfast Breakfast Bars Peanut Butter ,peanut oil, Peanut Oil
KIND Breakfast Breakfast Bars Peanut Butter ,honey, Honey
Fiber One Bars Chewy 70 Calories Chocolate Caramel & Pretzel ,corn syrup, Corn Syrup
Fiber One Bars Chewy 70 Calories Chocolate Caramel & Pretzel ,canola oil, Canola Oil
Fiber One Bars Chewy 70 Calories Chocolate Caramel & Pretzel ,maltodextrin, Maltodextrin
Fiber One Bars Chewy 70 Calories Chocolate Caramel & Pretzel ,canola oil, Canola Oil
Fiber One Bars Chewy 70 Calories Chocolate Caramel & Pretzel ,sugar, Sugar
Fiber One Bars Chewy 70 Calories Chocolate Caramel & Pretzel ,cellulose gum, Cellulose Gum
Bobos Oat Bars Bar Oat Chocolate ,xanthan gum, Xanthan Gum
Fiber One Baked Bars 90 Calories Birthday Cake ,canola oil, Canola Oil
Fiber One Baked Bars 90 Calories Birthday Cake ,sugar, Sugar
Fiber One Baked Bars 90 Calories Birthday Cake ,calcium caseinate, Calcium Caseinate
Fiber One Baked Bars 90 Calories Birthday Cake ,sorbitol, Sorbitol
Fiber One Baked Bars 90 Calories Birthday Cake ,sodium aluminum phosphate, Sodium Aluminum Phosphate
Fiber One Baked Bars 90 Calories Birthday Cake ,artificial ingredient, Natural and Artificial Flavor
Nature Valley Nut Bars Crunch Roasted Almond Crunch ,sugar, Sugar
Nature Valley Nut Bars Crunch Roasted Almond Crunch ,corn syrup, Corn Syrup
Fiber One Protein Chewy Bars Caramel Nut Value Pack ,invert sugar, Invert Sugar
Fiber One Protein Chewy Bars Caramel Nut Value Pack ,corn syrup, Corn Syrup
Fiber One Protein Chewy Bars Caramel Nut Value Pack ,canola oil, Canola Oil
Fiber One Protein Chewy Bars Caramel Nut Value Pack ,sugar, Sugar
Signature Select Bars Granola Crunchy Oats & Hny Family Pack ,sugar, Sugar
Bobos Oat Bar Lemon Poppyseed ,xanthan gum, Xanthan Gum
KIND Healthy Grains Granola Bars Oats & Honey with Toasted Coconut ,cane sugar, Cane Sugar
KIND Healthy Grains Granola Bars Oats & Honey with Toasted Coconut ,canola oil, Canola Oil
KIND Healthy Grains Granola Bars Oats & Honey with Toasted Coconut ,honey, Honey
Signature SELECT Granola Bars Crunchy Oats & Honey 12 Count ,sugar, Sugar
KIND Healthy Grains Granola Bars Dark Chocolate Chunk ,cane sugar, Cane Sugar
KIND Healthy Grains Granola Bars Dark Chocolate Chunk ,canola oil, Canola Oil
KIND Healthy Grains Granola Bars Dark Chocolate Chunk ,honey, Honey
KIND Healthy Grains Granola Bars Dark Chocolate Chunk ,molasses, Molasses
KIND Breakfast Breakfast Bars Blueberry Almond ,canola oil, Canola Oil
KIND Breakfast Breakfast Bars Blueberry Almond ,sugar, Sugar
KIND Breakfast Breakfast Bars Blueberry Almond ,honey, Honey
Protein One Protein Bars Chocolate Fudge Box ,calcium caseinate, Calcium Caseinate
Protein One Protein Bars Chocolate Fudge Box ,artificial ingredient, Natural and Artificial Flavor
KIND Healthy Grains Granola Bars Vanilla Blueberry ,cane sugar, Cane Sugar
KIND Healthy Grains Granola Bars Vanilla Blueberry ,canola oil, Canola Oil
KIND Healthy Grains Granola Bars Vanilla Blueberry ,honey, Honey
Kashi Crunchy Granola Bars Chocolate Chip Chia 5 Count ,cane sugar, Cane Sugar
Kashi Crunchy Granola Bars Chocolate Chip Chia 5 Count ,molasses, Molasses
Quaker Chewy Granola Bars Smores ,corn syrup, CORN SYRUP
Quaker Chewy Granola Bars Smores ,sugar, SUGAR
Quaker Chewy Granola Bars Smores ,corn syrup solids, CORN SYRUP SOLIDS
Quaker Chewy Granola Bars Smores ,invert sugar, INVERT SUGAR
Quaker Chewy Granola Bars Smores ,calcium carbonate, CALCIUM CARBONATE
Quaker Chewy Granola Bars Smores ,sorbitol, SORBITOL
Quaker Chewy Granola Bars Smores ,molasses, MOLASSES
Quaker Chewy Granola Bars Smores ,artificial ingredient, NATURAL AND ARTIFICIAL FLAVOR
Quaker Chewy Granola Bars Smores ,citric acid, CITRIC ACID
Nature Valley Mini Peanut Butter Sandwiches ,sugar, Sugar
Nature Valley Mini Peanut Butter Sandwiches ,canola oil, Canola Oil
Nature Valley Mini Peanut Butter Sandwiches ,corn syrup, Corn Syrup
Nature Valley Mini Peanut Butter Sandwiches ,honey, Honey
Quaker Big Chewy Granola Bars Chocolate Chip ,corn syrup, CORN SYRUP
Quaker Big Chewy Granola Bars Chocolate Chip ,sugar, SUGAR
Quaker Big Chewy Granola Bars Chocolate Chip ,invert sugar, INVERT SUGAR
Quaker Big Chewy Granola Bars Chocolate Chip ,corn syrup solids, CORN SYRUP SOLIDS
Quaker Big Chewy Granola Bars Chocolate Chip ,glycerin, GLYCERIN
Quaker Big Chewy Granola Bars Chocolate Chip ,sorbitol, SORBITOL
Quaker Big Chewy Granola Bars Chocolate Chip ,lactose, LACTOSE
Quaker Big Chewy Granola Bars Chocolate Chip ,molasses, MOLASSES
Nature Valley Protein Blueberry Almond Chewy Granola Bar ,sugar, Sugar
Nature Valley Protein Blueberry Almond Chewy Granola Bar ,corn syrup, Corn Syrup
Nature Valley Protein Blueberry Almond Chewy Granola Bar ,fructose, Fructose
KIND Bar Peanut Butter Dark Chocolate Value Pack ,cane sugar, Cane Sugar
KIND Bar Peanut Butter Dark Chocolate Value Pack ,canola oil, Canola Oil
KIND Bar Peanut Butter Dark Chocolate Value Pack ,honey, Honey
Quaker Chewy Dipps Granola Bars Chocolatey Covered Peanut Butter Flavor ,sugar, Sugar
Quaker Chewy Dipps Granola Bars Chocolatey Covered Peanut Butter Flavor ,corn syrup, Corn Syrup
Quaker Chewy Dipps Granola Bars Chocolatey Covered Peanut Butter Flavor ,corn syrup solids, Corn Syrup Solids
Quaker Chewy Dipps Granola Bars Chocolatey Covered Peanut Butter Flavor ,invert sugar, Invert Sugar
Quaker Chewy Dipps Granola Bars Chocolatey Covered Peanut Butter Flavor ,brown sugar, Brown Sugar
Quaker Chewy Dipps Granola Bars Chocolatey Covered Peanut Butter Flavor ,lactose, Lactose
Quaker Chewy Dipps Granola Bars Chocolatey Covered Peanut Butter Flavor ,dextrose, Dextrose
Quaker Chewy Dipps Granola Bars Chocolatey Covered Peanut Butter Flavor ,sorbitol, Sorbitol
Signature SELECT Granola Bars Chewy Sweet N Salty Almond ,sugar, Sugar
Signature SELECT Granola Bars Chewy Sweet N Salty Almond ,corn syrup, Corn Syrup
Signature SELECT Granola Bars Chewy Sweet N Salty Almond ,corn syrup solids, Corn Syrup Solids
Signature SELECT Granola Bars Chewy Sweet N Salty Almond ,lactic acid, Lactic Acid
Signature SELECT Granola Bars Chewy Variety Pack ,corn syrup, Corn Syrup
Signature SELECT Granola Bars Chewy Variety Pack ,invert sugar, Invert Sugar
Signature SELECT Granola Bars Chewy Variety Pack ,vanilla, Vanilla
Signature SELECT Granola Bars Chewy Variety Pack ,corn syrup solids, Corn Syrup Solids
Signature SELECT Granola Bars Chewy Variety Pack ,glycerin, Glycerin
Signature SELECT Granola Bars Chewy Variety Pack ,sugar, Sugar
Signature SELECT Granola Bars Chewy Variety Pack ,calcium carbonate, Calcium Carbonate
Signature SELECT Granola Bars Chewy Variety Pack ,molasses, Molasses
Signature SELECT Granola Bars Chewy Variety Pack ,honey, Honey
Signature SELECT Granola Bars Chewy Variety Pack ,artificial ingredient, Natural and Artificial Flavors
Signature SELECT Granola Bars Chewy Variety Pack ,citric acid, Citric Acid
Bobos Oat Bar Coconut ,xanthan gum, Xanthan Gum
KIND Breakfast Breakfast Bars Honey Oat ,canola oil, Canola Oil
KIND Breakfast Breakfast Bars Honey Oat ,honey, Honey
Nature Valley Chocolate Peanut Butter Biscuits ,sugar, Sugar
Nature Valley Chocolate Peanut Butter Biscuits ,canola oil, Canola Oil
Signature SELECT Granola Bars Chewy Sweet N Salty Peanut ,sugar, Sugar
Signature SELECT Granola Bars Chewy Sweet N Salty Peanut ,corn syrup, Corn Syrup
Signature SELECT Granola Bars Chewy Sweet N Salty Peanut ,"corn syrup, high fructose", High Fructose Corn Syrup
Signature SELECT Granola Bars Chewy Sweet N Salty Peanut ,corn syrup solids, Corn Syrup Solids
Signature SELECT Granola Bars Chewy Sweet N Salty Peanut ,fructose, Fructose
Signature SELECT Granola Bars Chewy Sweet N Salty Peanut ,lactic acid, Lactic Acid
Signature SELECT Granola Bars Chewy Sweet N Salty Peanut ,molasses, Molasses
Signature SELECT Granola Bars Chewy Sweet N Salty Peanut ,peanut oil, Peanut Oil
Nature Valley Granola Bars Sweet & Salty Nut Roasted Mixed Nut ,corn syrup, Corn Syrup
Nature Valley Granola Bars Sweet & Salty Nut Roasted Mixed Nut ,sugar, Sugar
Nature Valley Granola Bars Sweet & Salty Nut Roasted Mixed Nut ,fructose, Fructose
Nature Valley Granola Bars Sweet & Salty Nut Roasted Mixed Nut ,canola oil, Canola Oil
Quaker Chewy Granola Bars Peanut Butter Chocolate Chip ,corn syrup, CORN SYRUP
Quaker Chewy Granola Bars Peanut Butter Chocolate Chip ,artificial ingredient, VANILLIN [ARTIFICIAL FLAVOR]
Quaker Chewy Granola Bars Peanut Butter Chocolate Chip ,invert sugar, INVERT SUGAR
Quaker Chewy Granola Bars Peanut Butter Chocolate Chip ,corn syrup solids, CORN SYRUP SOLIDS
Quaker Chewy Granola Bars Peanut Butter Chocolate Chip ,sorbitol, SORBITOL
Quaker Chewy Granola Bars Peanut Butter Chocolate Chip ,citric acid, CITRIC ACID
Nature Valley Biscuits With Cocoa Almond Butter ,sugar, Sugar
Nature Valley Biscuits With Cocoa Almond Butter ,canola oil, Canola Oil
Open Nature Sandwich Bar Peanut Butter Blueberry ,canola oil, Canola Oil
Open Nature Sandwich Bar Peanut Butter Blueberry ,glycerin, Glycerin
Nature Valley Granola Bars Chewy Trail Mix Fruit & Nut Cranberry & Pomegranate ,corn syrup, Corn Syrup
Nature Valley Granola Bars Chewy Trail Mix Fruit & Nut Cranberry & Pomegranate ,sugar, Sugar
Nature Valley Granola Bars Chewy Trail Mix Fruit & Nut Cranberry & Pomegranate ,fructose, Fructose
Nature Valley Granola Bars Chewy Trail Mix Fruit & Nut Cranberry & Pomegranate ,canola oil, Canola Oil
Special K Protein Snack Bars Caramel Pretzel Cashew 6 Count ,dextrose, Dextrose
Special K Protein Snack Bars Caramel Pretzel Cashew 6 Count ,corn syrup, Corn Syrup
Special K Protein Snack Bars Caramel Pretzel Cashew 6 Count ,xanthan gum, Xanthan Gum
Nature Valley Granola Bars Fruit & Nut Chewy Trail Mix Dark Chocolate & Nut ,corn syrup, Corn Syrup
Nature Valley Granola Bars Fruit & Nut Chewy Trail Mix Dark Chocolate & Nut ,sugar, Sugar
Nature Valley Granola Bars Fruit & Nut Chewy Trail Mix Dark Chocolate & Nut ,canola oil, Canola Oil
Nature Valley Granola Bars Fruit & Nut Chewy Trail Mix Dark Chocolate & Nut ,fructose, Fructose
Fiber One Baked Bars 90 Calories Cinnamon Coffee Cake Value Pack ,canola oil, Canola Oil
Fiber One Baked Bars 90 Calories Cinnamon Coffee Cake Value Pack ,sugar, Sugar
Fiber One Baked Bars 90 Calories Cinnamon Coffee Cake Value Pack ,polydextrose, Polydextrose
Fiber One Baked Bars 90 Calories Cinnamon Coffee Cake Value Pack ,calcium caseinate, Calcium Caseinate
Fiber One Baked Bars 90 Calories Cinnamon Coffee Cake Value Pack ,sorbitol, Sorbitol
Fiber One Baked Bars 90 Calories Cinnamon Coffee Cake Value Pack ,sodium aluminum phosphate, Sodium Aluminum Phosphate
Fiber One Cheesecake Bar Strawberry ,carob bean gum (locust bean gum), Carob Bean Gum
Fiber One Cheesecake Bar Strawberry ,glycerin, Glycerin
Fiber One Cheesecake Bar Strawberry ,invert sugar, Invert Sugar
Fiber One Cheesecake Bar Strawberry ,fructose, Fructose
Fiber One Cheesecake Bar Strawberry ,sugar, Sugar
Fiber One Cheesecake Bar Strawberry ,brown sugar, Brown Sugar
Fiber One Cheesecake Bar Strawberry ,lactose, Lactose
Fiber One Cheesecake Bar Strawberry ,honey, Honey
Fiber One Cheesecake Bar Strawberry ,refiner's syrup, Refiner's Syrup
Fiber One Cheesecake Bar Strawberry ,maltodextrin, Maltodextrin
Fiber One Cheesecake Bar Strawberry ,lactic acid, Lactic Acid
Fiber One Cheesecake Bar Strawberry ,carob bean gum (locust bean gum), Locust Bean Gum
Fiber One Cheesecake Bar Strawberry ,sodium phosphate, Sodium Phosphate
Fiber One Cheesecake Bar Strawberry ,cellulose gum, Cellulose Gum
Fiber One Cheesecake Bar Strawberry ,calcium lactate, Calcium Lactate
Fiber One Cheesecake Bar Strawberry ,carob bean gum (locust bean gum), Carob Bean Gum
Fiber One Cheesecake Bar Strawberry ,lactose, Lactose
Fiber One Cheesecake Bar Strawberry ,honey, Honey
Fiber One Cheesecake Bar Strawberry ,refiner's syrup, Refiner's Syrup
Fiber One Cheesecake Bar Strawberry ,maltodextrin, Maltodextrin
Fiber One Cheesecake Bar Strawberry ,lactic acid, Lactic Acid
Fiber One Cheesecake Bar Strawberry ,carob bean gum (locust bean gum), Locust Bean Gum
Fiber One Cheesecake Bar Strawberry ,sodium phosphate, Sodium Phosphate
Fiber One Cheesecake Bar Strawberry ,cellulose gum, Cellulose Gum
Fiber One Cheesecake Bar Strawberry ,calcium lactate, Calcium Lactate
Fiber One Chewy Bars 90 Calories Chocolate Peanut Butter ,polydextrose, Polydextrose
Fiber One Chewy Bars 90 Calories Chocolate Peanut Butter ,corn syrup, Corn Syrup
Fiber One Chewy Bars 90 Calories Chocolate Peanut Butter ,canola oil, Canola Oil
Fiber One Chewy Bars 90 Calories Chocolate Peanut Butter ,maltodextrin, Maltodextrin
Fiber One Chewy Bars 90 Calories Chocolate Peanut Butter ,sugar, Sugar
Fiber One Chewy Bars 90 Calories Chocolate Peanut Butter ,peanut oil, Peanut Oil
Fiber One Chewy Bars 90 Calories Chocolate Peanut Butter ,cellulose gum, Cellulose Gum
Kind Bar Protein Almond Bars ,cane sugar, Cane Sugar
Kind Bar Protein Almond Bars ,canola oil, Canola Oil
Kind Bar Protein Almond Bars ,honey, Honey
Power Crunch Kids Snack Protein Peanut Butter Honey 5 Count Pack ,sugar, Sugar
Power Crunch Kids Snack Protein Peanut Butter Honey 5 Count Pack ,fructose, Fructose
Glutino Breakfast Bars Strawberry Gluten Free ,tricalcium phosphate, Tricalcium Phosphate
Glutino Breakfast Bars Strawberry Gluten Free ,fructose, Fructose
Glutino Breakfast Bars Strawberry Gluten Free ,canola oil, Canola Oil
Glutino Breakfast Bars Strawberry Gluten Free ,guar gum, Guar Gum
Kashi Soft Baked Breakfast Bars Ripe Strawberry 6 Count ,xanthan gum, Xanthan Gum
Natures Bakery Oatmeal Crumble Apple ,cane sugar, Cane Sugar
Natures Bakery Oatmeal Crumble Apple ,canola oil, Canola Oil
Natures Bakery Fig Bar Stone Ground Whole Wheat Original Fig ,cane sugar, Cane Sugar
Natures Bakery Fig Bar Stone Ground Whole Wheat Original Fig ,canola oil, Canola Oil
Natures Bakery Fig Bar Stone Ground Whole Wheat Original Fig ,glycerin, Glycerin
Natures Bakery Fig Bar Stone Ground Whole Wheat Original Fig ,citric acid, Citric Acid
Kelloggs Homestyle Original Rice Krispies Treats ,corn syrup, Corn Syrup
Kelloggs Homestyle Original Rice Krispies Treats ,fructose, Fructose
Kelloggs Homestyle Original Rice Krispies Treats ,sugar, Sugar
Kelloggs Homestyle Original Rice Krispies Treats ,corn syrup solids, Corn Syrup Solids
Kelloggs Homestyle Original Rice Krispies Treats ,dextrose, Dextrose
Kelloggs Homestyle Original Rice Krispies Treats ,artificial ingredient, Natural and Artificial Flavors (Contains Milk)
Kelloggs Homestyle Original Rice Krispies Treats ,acetylated monoglycerides, Acetylated Monoglycerides
Signature Select Bars Protein Chewy Almond Coconut ,lactic acid, Lactic Acid
Signature Select Bars Protein Chewy Almond Coconut ,corn syrup, Corn Syrup
Signature Select Bars Protein Chewy Almond Coconut ,canola oil, Canola Oil
Signature Select Bars Protein Chewy Almond Coconut ,glycerin, Glycerin
Signature Select Bars Protein Chewy Almond Coconut ,maltodextrin, Maltodextrin
Kashi Soft Baked Breakfast Bars Mixed Berry 6 Count ,sodium citrate, Sodium Citrate
Kashi Soft Baked Breakfast Bars Mixed Berry 6 Count ,honey, Honey
Fiber One Baked Bars 90 Calories Cinnamon Coffee Cake ,canola oil, Canola Oil
Fiber One Baked Bars 90 Calories Cinnamon Coffee Cake ,sugar, Sugar
Fiber One Baked Bars 90 Calories Cinnamon Coffee Cake ,calcium caseinate, Calcium Caseinate
Fiber One Baked Bars 90 Calories Cinnamon Coffee Cake ,sorbitol, Sorbitol
Fiber One Baked Bars 90 Calories Cinnamon Coffee Cake ,sodium aluminum phosphate, Sodium Aluminum Phosphate
Reeses Puffs Treats Bars Peanut Butter And Cocoa ,corn syrup, Corn Syrup
Reeses Puffs Treats Bars Peanut Butter And Cocoa ,sugar, Sugar
Reeses Puffs Treats Bars Peanut Butter And Cocoa ,"corn syrup, high fructose", High Fructose Corn Syrup
Reeses Puffs Treats Bars Peanut Butter And Cocoa ,fructose, Fructose
Reeses Puffs Treats Bars Peanut Butter And Cocoa ,canola oil, Canola Oil
Reeses Puffs Treats Bars Peanut Butter And Cocoa ,calcium carbonate, Calcium Carbonate
Reeses Puffs Treats Bars Peanut Butter And Cocoa ,maltodextrin, Maltodextrin
Reeses Puffs Treats Bars Peanut Butter And Cocoa ,sorbitol, Sorbitol
Reeses Puffs Treats Bars Peanut Butter And Cocoa ,peanut oil, Peanut Oil
Reeses Puffs Treats Bars Peanut Butter And Cocoa ,artificial ingredient, Natural and Artificial Flavor.
Special K Pastry Crisps Blueberry 6 Count ,sugar, Sugar
Special K Pastry Crisps Blueberry 6 Count ,maltodextrin, Maltodextrin
Special K Pastry Crisps Blueberry 6 Count ,fructose, Fructose
Special K Pastry Crisps Blueberry 6 Count ,invert sugar, Invert Sugar
Special K Pastry Crisps Blueberry 6 Count ,sodium citrate, Sodium Citrate
Special K Pastry Crisps Blueberry 6 Count ,citric acid, Citric Acid
Special K Pastry Crisps Blueberry 6 Count ,cellulose gum, Cellulose Gum
Special K Pastry Crisps Blueberry 6 Count ,tricalcium phosphate, Tricalcium Phosphate
Special K Pastry Crisps Blueberry 6 Count ,sodium alginate, Sodium Alginate
Natures Bakery Fig Bar Strawberry ,cane sugar, Cane Sugar
Natures Bakery Fig Bar Strawberry ,carob bean gum (locust bean gum), Locust Bean Gum
Natures Bakery Fig Bar Strawberry ,canola oil, Canola Oil
Natures Bakery Fig Bar Strawberry ,glycerin, Glycerin
Natures Bakery Fig Bar Strawberry ,citric acid, Citric Acid
Golden Grahams Treats Bar Smores Chocolate Marshmallow ,vitamin d3, Vitamin D3
Golden Grahams Treats Bar Smores Chocolate Marshmallow ,corn syrup, Corn Syrup
Golden Grahams Treats Bar Smores Chocolate Marshmallow ,"corn syrup, high fructose", High Fructose Corn Syrup
Golden Grahams Treats Bar Smores Chocolate Marshmallow ,fructose, Fructose
Golden Grahams Treats Bar Smores Chocolate Marshmallow ,canola oil, Canola Oil
Golden Grahams Treats Bar Smores Chocolate Marshmallow ,sugar, Sugar
Golden Grahams Treats Bar Smores Chocolate Marshmallow ,calcium carbonate, Calcium Carbonate
Golden Grahams Treats Bar Smores Chocolate Marshmallow ,maltodextrin, Maltodextrin
Golden Grahams Treats Bar Smores Chocolate Marshmallow ,sorbitol, Sorbitol
Golden Grahams Treats Bar Smores Chocolate Marshmallow ,artificial ingredient, Natural and Artificial Flavor.
Nv Crispy Creamy Wafer Bar Pb 5ct ,sugar, Sugar
Nv Crispy Creamy Wafer Bar Pb 5ct ,honey, Honey
Nature Valley Protein Bars Chewy Honey Peanut Almond ,sugar, Sugar
Nature Valley Protein Bars Chewy Honey Peanut Almond ,fructose, Fructose
Nature Valley Protein Bars Chewy Honey Peanut Almond ,honey, Honey
Nature Valley Protein Bars Chewy Honey Peanut Almond ,canola oil, Canola Oil
P1 Prtn Bars Strawberries Creme ,calcium caseinate, Calcium Caseinate
P1 Prtn Bars Strawberries Creme ,artificial ingredient, Natural and Artificial Flavor
P1 Prtn Bars Strawberries Creme ,lactic acid, Lactic Acid
P1 Prtn Bars Strawberries Creme ,citric acid, Citric Acid
Rice Krispies Treats Crispy Marshmallow Squares Original Single Serve 8 Count ,corn syrup, Corn Syrup
Rice Krispies Treats Crispy Marshmallow Squares Original Single Serve 8 Count ,fructose, Fructose
Rice Krispies Treats Crispy Marshmallow Squares Original Single Serve 8 Count ,sugar, Sugar
Rice Krispies Treats Crispy Marshmallow Squares Original Single Serve 8 Count ,corn syrup solids, Corn Syrup Solids
Rice Krispies Treats Crispy Marshmallow Squares Original Single Serve 8 Count ,dextrose, Dextrose
Rice Krispies Treats Crispy Marshmallow Squares Original Single Serve 8 Count ,artificial ingredient, Natural and Artificial Flavors (Contains Milk)
Rice Krispies Treats Crispy Marshmallow Squares Original Single Serve 8 Count ,acetylated monoglycerides, Acetylated Monoglycerides
Signature Select Bars Protein Chewy Salted Caramel & Nut ,lactic acid, Lactic Acid
Signature Select Bars Protein Chewy Salted Caramel & Nut ,corn syrup, Corn Syrup
Signature Select Bars Protein Chewy Salted Caramel & Nut ,canola oil, Canola Oil
Signature Select Bars Protein Chewy Salted Caramel & Nut ,glycerin, Glycerin
Signature Select Bars Protein Chewy Salted Caramel & Nut ,maltodextrin, Maltodextrin
Rice Krispies Treats Crispy Marshmallow Squares Birthday Cake 14 Count ,sugar, Sugar
Rice Krispies Treats Crispy Marshmallow Squares Birthday Cake 14 Count ,corn syrup, Corn Syrup
Rice Krispies Treats Crispy Marshmallow Squares Birthday Cake 14 Count ,fructose, Fructose
Rice Krispies Treats Crispy Marshmallow Squares Birthday Cake 14 Count ,corn syrup solids, Corn Syrup Solids
Rice Krispies Treats Crispy Marshmallow Squares Birthday Cake 14 Count ,dextrose, Dextrose
Rice Krispies Treats Crispy Marshmallow Squares Birthday Cake 14 Count ,artificial ingredient, Natural and Artificial Flavors
Rice Krispies Treats Crispy Marshmallow Squares Birthday Cake 14 Count ,acetylated monoglycerides, Acetylated Monoglycerides
Rice Krispies Treats Crispy Marshmallow Squares Birthday Cake 14 Count ,carnauba wax, Carnauba Wax
Enjoy Life Breakfast Ovals Soft Baked Fruit & Oat Chocolate Chip Banana ,brown sugar, Brown Sugar
Enjoy Life Breakfast Ovals Soft Baked Fruit & Oat Chocolate Chip Banana ,xanthan gum, Xanthan Gum
belVita Bites Breakfast Biscuits Mini Chocolate ,niacin, Niacin
belVita Bites Breakfast Biscuits Mini Chocolate ,"iron, reduced", Reduced Iron
belVita Bites Breakfast Biscuits Mini Chocolate ,sugar, Sugar
belVita Bites Breakfast Biscuits Mini Chocolate ,canola oil, Canola Oil
belVita Bites Breakfast Biscuits Mini Chocolate ,niacinamide, Niacinamide
Natures Bakery Fig Bar Stone Ground Whole Wheat Apple Cinnamon ,cane sugar, Cane Sugar
Natures Bakery Fig Bar Stone Ground Whole Wheat Apple Cinnamon ,carob bean gum (locust bean gum), Locust Bean Gum
Natures Bakery Fig Bar Stone Ground Whole Wheat Apple Cinnamon ,canola oil, Canola Oil
Natures Bakery Fig Bar Stone Ground Whole Wheat Apple Cinnamon ,glycerin, Glycerin
Natures Bakery Fig Bar Stone Ground Whole Wheat Apple Cinnamon ,citric acid, Citric Acid
KIND Bar Caramel Almond & Sea Salt ,honey, Honey
KIND Bar Caramel Almond & Sea Salt ,sugar, Sugar
Natures Bakery Fig Bar Gluten Free Blueberry ,carob bean gum (locust bean gum), Locust Bean Gum
Natures Bakery Fig Bar Gluten Free Blueberry ,canola oil, Canola Oil
Natures Bakery Fig Bar Gluten Free Blueberry ,cane sugar, Cane Sugar
Natures Bakery Fig Bar Gluten Free Blueberry ,glycerin, Glycerin
Natures Bakery Fig Bar Gluten Free Blueberry ,xanthan gum, Xanthan Gum
Nature Valley Biscuits With Coconut Butter ,sugar, Sugar
Nature Valley Biscuits With Coconut Butter ,canola oil, Canola Oil
Nature Valley Biscuits With Coconut Butter ,honey, Honey
Power Crunch Kids Snack Protein Chocolate Lava 5 Count Pack ,sugar, Sugar
Power Crunch Kids Snack Protein Chocolate Lava 5 Count Pack ,canola oil, Canola Oil
Power Crunch Kids Snack Protein Chocolate Lava 5 Count Pack ,fructose, Fructose
Power Crunch Kids Snack Protein Chocolate Lava 5 Count Pack ,ammonium bicarbonate, Ammonium Bicarbonate
Nature Valley Biscuits With Almond Butter Value Pack ,sugar, Sugar
Nature Valley Biscuits With Almond Butter Value Pack ,canola oil, Canola Oil
Nature Valley Biscuits With Almond Butter Value Pack ,honey, Honey
Nature Valley Oatmeal Squares Soft,sugar, Sugar
Nature Valley Oatmeal Squares Soft,canola oil, Canola Oil
Nature Valley Oatmeal Squares Soft,molasses, Molasses
Kelloggs Homestyle Chocolate Rice Krispies Treats ,corn syrup, Corn Syrup
Kelloggs Homestyle Chocolate Rice Krispies Treats ,fructose, Fructose
Kelloggs Homestyle Chocolate Rice Krispies Treats ,sugar, Sugar
Kelloggs Homestyle Chocolate Rice Krispies Treats ,corn syrup solids, Corn Syrup Solids
Kelloggs Homestyle Chocolate Rice Krispies Treats ,dextrose, Dextrose
Kelloggs Homestyle Chocolate Rice Krispies Treats ,artificial ingredient, Natural and Artificial Flavors
Kelloggs Homestyle Chocolate Rice Krispies Treats ,acetylated monoglycerides, Acetylated Monoglycerides
belVita Bites Breakfast Biscuits Cinnamon Brown Sugar ,niacin, Niacin
belVita Bites Breakfast Biscuits Cinnamon Brown Sugar ,"iron, reduced", Reduced Iron
belVita Bites Breakfast Biscuits Cinnamon Brown Sugar ,sugar, Sugar
belVita Bites Breakfast Biscuits Cinnamon Brown Sugar ,canola oil, Canola Oil
belVita Bites Breakfast Biscuits Cinnamon Brown Sugar ,brown sugar, Brown Sugar
belVita Bites Breakfast Biscuits Cinnamon Brown Sugar ,invert sugar, Invert Sugar
belVita Bites Breakfast Biscuits Cinnamon Brown Sugar ,niacinamide, Niacinamide
belVita Bites Breakfast Biscuits Cinnamon Brown Sugar ,molasses, Molasses
belVita Breakfast Biscuits Vanilla Oat 5 Count ,niacin, Niacin
belVita Breakfast Biscuits Vanilla Oat 5 Count ,"iron, reduced", Reduced Iron
belVita Breakfast Biscuits Vanilla Oat 5 Count ,sugar, Sugar
belVita Breakfast Biscuits Vanilla Oat 5 Count ,canola oil, Canola Oil
belVita Breakfast Biscuits Vanilla Oat 5 Count ,niacinamide, Niacinamide
Rice Krispies Treats Crispy Marshmallow Squares Original with M&MS Minis 8 Count ,corn syrup, Corn Syrup
Rice Krispies Treats Crispy Marshmallow Squares Original with M&MS Minis 8 Count ,fructose, Fructose
Rice Krispies Treats Crispy Marshmallow Squares Original with M&MS Minis 8 Count ,sugar, Sugar
Rice Krispies Treats Crispy Marshmallow Squares Original with M&MS Minis 8 Count ,corn syrup solids, Corn Syrup Solids
Rice Krispies Treats Crispy Marshmallow Squares Original with M&MS Minis 8 Count ,dextrose, Dextrose
Rice Krispies Treats Crispy Marshmallow Squares Original with M&MS Minis 8 Count ,artificial ingredient, Natural and Artificial Flavors
Rice Krispies Treats Crispy Marshmallow Squares Original with M&MS Minis 8 Count ,acetylated monoglycerides, Acetylated Monoglycerides
Rice Krispies Treats Crispy Marshmallow Squares Original with M&MS Minis 8 Count ,wheat starch, Wheat Starch
belVita Breakfast Biscuits Chocolate ,niacin, Niacin
belVita Breakfast Biscuits Chocolate ,"iron, reduced", Reduced Iron
belVita Breakfast Biscuits Chocolate ,sugar, Sugar
belVita Breakfast Biscuits Chocolate ,canola oil, Canola Oil
belVita Breakfast Biscuits Chocolate ,niacinamide, Niacinamide
KIND Bar Dark Chocolate Nuts & Sea Salt ,honey, Honey
KIND Bar Dark Chocolate Nuts & Sea Salt ,sugar, Sugar
Fiber One Brownies 90 Calories Chocolate Chip Cookie Bar ,canola oil, Canola Oil
Fiber One Brownies 90 Calories Chocolate Chip Cookie Bar ,polydextrose, Polydextrose
Fiber One Brownies 90 Calories Chocolate Chip Cookie Bar ,sorbitol, Sorbitol
Fiber One Brownies 90 Calories Chocolate Chip Cookie Bar ,calcium caseinate, Calcium Caseinate
Fiber One Brownies 90 Calories Chocolate Chip Cookie Bar ,molasses, Molasses
Fiber One Brownies 90 Calories Chocolate Chip Cookie Bar ,sodium aluminum phosphate, Sodium Aluminum Phosphate
Special K Pastry Crisps Brown Sugar Cinnamon 6 Count ,sugar, Sugar
Special K Pastry Crisps Brown Sugar Cinnamon 6 Count ,fructose, Fructose
Special K Pastry Crisps Brown Sugar Cinnamon 6 Count ,maltodextrin, Maltodextrin
Special K Pastry Crisps Brown Sugar Cinnamon 6 Count ,dextrose, Dextrose
Special K Pastry Crisps Brown Sugar Cinnamon 6 Count ,brown sugar, Brown Sugar
Special K Pastry Crisps Brown Sugar Cinnamon 6 Count ,invert sugar, Invert Sugar
Special K Pastry Crisps Brown Sugar Cinnamon 6 Count ,sodium citrate, Sodium Citrate
Special K Pastry Crisps Brown Sugar Cinnamon 6 Count ,molasses, Molasses
Special K Pastry Crisps Brown Sugar Cinnamon 6 Count ,ethoxylated mono- and diglycerides, Mono- and Diglycerides
Special K Pastry Crisps Brown Sugar Cinnamon 6 Count ,sodium alginate, Sodium Alginate
Special K Pastry Crisps Brown Sugar Cinnamon 6 Count ,cellulose gum, Cellulose Gum
Special K Pastry Crisps Brown Sugar Cinnamon 6 Count ,tricalcium phosphate, Tricalcium Phosphate
Special K Pastry Crisps Brown Sugar Cinnamon 6 Count ,citric acid, Citric Acid
KIND Simple Crunch Granola Bars Oats & Honey ,cane sugar, Cane Sugar
KIND Simple Crunch Granola Bars Oats & Honey ,canola oil, Canola Oil
KIND Simple Crunch Granola Bars Oats & Honey ,honey, Honey
belVita Breakfast Biscuits Soft Baked Mixed Berry ,sugar, Sugar
belVita Breakfast Biscuits Soft Baked Mixed Berry ,canola oil, Canola Oil
belVita Breakfast Biscuits Soft Baked Mixed Berry ,polydextrose, Polydextrose
belVita Breakfast Biscuits Soft Baked Mixed Berry ,wheat starch, Wheat Starch
belVita Breakfast Biscuits Soft Baked Mixed Berry ,glycerin, Glycerin
belVita Breakfast Biscuits Soft Baked Mixed Berry ,invert sugar, Invert Sugar
belVita Breakfast Biscuits Soft Baked Mixed Berry ,molasses, Molasses
belVita Breakfast Biscuits Soft Baked Mixed Berry ,niacinamide, Niacinamide
Rice Krispies Treats Crispy Marshmallow Squares Original ,artificial ingredient, Natural and Artificial Flavor
Rice Krispies Treats Crispy Marshmallow Squares Original ,fructose, Fructose
Rice Krispies Treats Crispy Marshmallow Squares Original ,vitamin d, Vitamin D
Rice Krispies Treats Crispy Marshmallow Squares Original ,corn syrup solids, Corn Syrup Solids
Rice Krispies Treats Crispy Marshmallow Squares Original ,glycerin, Glycerin
Rice Krispies Treats Crispy Marshmallow Squares Original ,niacinamide, Niacinamide
Rice Krispies Treats Crispy Marshmallow Squares Original Single Serve 40 Count ,corn syrup, Corn Syrup
Rice Krispies Treats Crispy Marshmallow Squares Original Single Serve 40 Count ,fructose, Fructose
Rice Krispies Treats Crispy Marshmallow Squares Original Single Serve 40 Count ,sugar, Sugar
Rice Krispies Treats Crispy Marshmallow Squares Original Single Serve 40 Count ,dextrose, Dextrose
Rice Krispies Treats Crispy Marshmallow Squares Original Single Serve 40 Count ,artificial ingredient, Natural and Artificial Flavors (Contains Milk)
Rice Krispies Treats Crispy Marshmallow Squares Original Single Serve 40 Count ,acetylated monoglycerides, Acetylated Monoglycerides
Signature SELECT Chewy Bars Protein Peanut Almond Dark Chocolate Flavored ,sugar, Sugar
Signature SELECT Chewy Bars Protein Peanut Almond Dark Chocolate Flavored ,peanut oil, Peanut Oil
Signature SELECT Chewy Bars Protein Peanut Almond Dark Chocolate Flavored ,corn syrup, Corn Syrup
Signature SELECT Chewy Bars Protein Peanut Almond Dark Chocolate Flavored ,fructose, Fructose
Signature SELECT Chewy Bars Protein Peanut Almond Dark Chocolate Flavored ,calcium carbonate, Calcium Carbonate
Signature SELECT Chewy Bars Protein Peanut Almond Dark Chocolate Flavored ,xanthan gum, Xanthan Gum
belVita Breakfast Biscuits Golden Oat ,niacin, Niacin
belVita Breakfast Biscuits Golden Oat ,"iron, reduced", Reduced Iron
belVita Breakfast Biscuits Golden Oat ,canola oil, Canola Oil
belVita Breakfast Biscuits Golden Oat ,sugar, Sugar
belVita Breakfast Biscuits Golden Oat ,invert sugar, Invert Sugar
belVita Breakfast Biscuits Golden Oat ,niacinamide, Niacinamide
Natures Bakery Brownie Double Chocolate Chocolate ,canola oil, Canola Oil
Natures Bakery Brownie Double Chocolate Chocolate ,cane sugar, Cane Sugar
Signature SELECT Chewy Bars Protein Peanut Butter Dark Chocolate Flavored ,sugar, Sugar
Signature SELECT Chewy Bars Protein Peanut Butter Dark Chocolate Flavored ,peanut oil, Peanut Oil
Signature SELECT Chewy Bars Protein Peanut Butter Dark Chocolate Flavored ,corn syrup, Corn Syrup
Signature SELECT Chewy Bars Protein Peanut Butter Dark Chocolate Flavored ,fructose, Fructose
Signature SELECT Chewy Bars Protein Peanut Butter Dark Chocolate Flavored ,xanthan gum, Xanthan Gum
Signature SELECT Cereal Bars Fruit & Grain Blueberry ,invert sugar, Invert Sugar
Signature SELECT Cereal Bars Fruit & Grain Blueberry ,sugar, Sugar
Signature SELECT Cereal Bars Fruit & Grain Blueberry ,calcium carbonate, Calcium Carbonate
Signature SELECT Cereal Bars Fruit & Grain Blueberry ,corn syrup solids, Corn Syrup Solids
Signature SELECT Cereal Bars Fruit & Grain Blueberry ,honey, Honey
Signature SELECT Cereal Bars Fruit & Grain Blueberry ,sorbitan monostearate, Sorbitan Monostearate
Signature SELECT Cereal Bars Fruit & Grain Blueberry ,"wheat gluten, vital", Vital Wheat Gluten
Signature SELECT Cereal Bars Fruit & Grain Blueberry ,xanthan gum, Xanthan Gum
Signature SELECT Cereal Bars Fruit & Grain Blueberry ,vitamin a palmitate, Vitamin A Palmitate
Signature SELECT Cereal Bars Fruit & Grain Blueberry ,"iron, reduced", Reduced Iron
Signature SELECT Cereal Bars Fruit & Grain Blueberry ,zinc oxide, Zinc Oxide
Bakery On Main Superfood Grainola Bunches of Crunches Dark Chocolate Sea Salt with Chia ,cane sugar, Cane Sugar
Bakery On Main Superfood Grainola Bunches of Crunches Dark Chocolate Sea Salt with Chia ,honey, Honey
Natures Bakery Fig Bar Stone Ground Whole Wheat Blueberry ,cane sugar, Cane Sugar
Natures Bakery Fig Bar Stone Ground Whole Wheat Blueberry ,carob bean gum (locust bean gum), Locust Bean Gum
Natures Bakery Fig Bar Stone Ground Whole Wheat Blueberry ,canola oil, Canola Oil
Natures Bakery Fig Bar Stone Ground Whole Wheat Blueberry ,glycerin, Glycerin
Natures Bakery Fig Bar Stone Ground Whole Wheat Blueberry ,citric acid, Citric Acid
Signature SELECT Cereal Bars Fruit & Grain Strawberry ,invert sugar, Invert Sugar
Signature SELECT Cereal Bars Fruit & Grain Strawberry ,sugar, Sugar
Signature SELECT Cereal Bars Fruit & Grain Strawberry ,glycerin, Glycerin
Signature SELECT Cereal Bars Fruit & Grain Strawberry ,calcium carbonate, Calcium Carbonate
Signature SELECT Cereal Bars Fruit & Grain Strawberry ,corn syrup solids, Corn Syrup Solids
Signature SELECT Cereal Bars Fruit & Grain Strawberry ,honey, Honey
Signature SELECT Cereal Bars Fruit & Grain Strawberry ,sorbitan monostearate, Sorbitan Monostearate
Signature SELECT Cereal Bars Fruit & Grain Strawberry ,"wheat gluten, vital", Vital Wheat Gluten
Signature SELECT Cereal Bars Fruit & Grain Strawberry ,xanthan gum, Xanthan Gum
Signature SELECT Cereal Bars Fruit & Grain Strawberry ,vitamin a palmitate, Vitamin a Palmitate
Signature SELECT Cereal Bars Fruit & Grain Strawberry ,"iron, reduced", Reduced Iron
O Organics Organic Fruit & Grain Bars Apple Cinnamon Flavored ,xanthan gum, Xanthan Gum
Signature SELECT Cereal Bars Fruit & Grain Apple Cinnamon ,invert sugar, Invert Sugar
Signature SELECT Cereal Bars Fruit & Grain Apple Cinnamon ,sugar, Sugar
Signature SELECT Cereal Bars Fruit & Grain Apple Cinnamon ,glycerin, Glycerin
Signature SELECT Cereal Bars Fruit & Grain Apple Cinnamon ,corn syrup solids, Corn Syrup Solids
Signature SELECT Cereal Bars Fruit & Grain Apple Cinnamon ,calcium carbonate, Calcium Carbonate
Signature SELECT Cereal Bars Fruit & Grain Apple Cinnamon ,honey, Honey
Signature SELECT Cereal Bars Fruit & Grain Apple Cinnamon ,sorbitan monostearate, Sorbitan Monostearate
Signature SELECT Cereal Bars Fruit & Grain Apple Cinnamon ,"wheat gluten, vital", Vital Wheat Gluten
Signature SELECT Cereal Bars Fruit & Grain Apple Cinnamon ,xanthan gum, Xanthan Gum
Signature SELECT Cereal Bars Fruit & Grain Apple Cinnamon ,vitamin a palmitate, Vitamin A Palmitate
Signature SELECT Cereal Bars Fruit & Grain Apple Cinnamon ,"iron, reduced", Reduced Iron
Signature SELECT Cereal Bars Fruit & Grain Apple Cinnamon ,zinc oxide, Zinc Oxide
Signature SELECT Cereal Bars Fruit & Grain Apple Cinnamon ,dicalcium phosphate, Dicalcium Phosphate
O Organics Organic Fruit & Grain Bars Strawberry ,citric acid, Citric Acid
O Organics Organic Fruit & Grain Bars Strawberry ,potassium carbonate, Potassium Carbonate
O Organics Organic Fruit & Grain Bars Strawberry ,sodium bicarbonate, Sodium Bicarbonate
O Organics Organic Fruit & Grain Bars Strawberry ,xanthan gum, Xanthan Gum
Bakery On Main Superfood Grainola Bunches of Crunches Coconut Cacao ,cane sugar, Cane Sugar
Bakery On Main Superfood Grainola Bunches of Crunches Coconut Cacao ,honey, Honey
yogurt honey peanut,fructose, FRUCTOSE
yogurt honey peanut,sugar, SUGAR
yogurt honey peanut,dextrose, DEXTROSE
yogurt honey peanut,maltodextrin, MALTODEXTRIN
yogurt honey peanut,ascorbic acid, ASCORBIC ACID
yogurt honey peanut,niacinamide, NIACINAMIDE
yogurt honey peanut,zinc oxide, ZINC OXIDE
yogurt honey peanut,copper gluconate, COPPER GLUCONATE
yogurt honey peanut,calcium pantothenate, CALCIUM PANTOTHENATE
yogurt honey peanut,manganese sulfate, MANGANESE SULFATE
yogurt honey peanut,pyridoxine hydrochloride, PYRIDOXINE HYDROCHLORIDE
yogurt honey peanut,riboflavin, RIBOFLAVIN
yogurt honey peanut,biotin, BIOTIN
yogurt honey peanut,potassium iodide, POTASSIUM IODIDE
whole wheat fig bars,canola oil, Canola Oil
whole wheat fig bars,citric acid, Citric Acid
raspberry whole wheat fig bars,canola oil, Canola Oil
raspberry whole wheat fig bars,glycerin, Glycerin
raspberry whole wheat fig bars,citric acid, Citric Acid
strawberry whole wheat fig bars,canola oil, Canola Oil
strawberry whole wheat fig bars,glycerin, Glycerin
apple cinnamon fig bars,canola oil, Canola Oil
apple cinnamon fig bars,"food starch, modified", Modified Food Starch
apple cinnamon fig bars,citric acid, Citric Acid
peach apricot whole wheat fig bars,canola oil, Canola Oil
peach apricot whole wheat fig bars,"food starch, modified", Modified Food Starch
peach apricot whole wheat fig bars,glycerin, Glycerin
peach apricot whole wheat fig bars,carob bean gum (locust bean gum), Locust Bean Gum
blueberry whole wheat fig bars,canola oil, Canola Oil
blueberry whole wheat fig bars,"food starch, modified", Modified Food Starch
blueberry whole wheat fig bars,citric acid, Citric Acid
bar chocolate chip,sucralose, SUCRALOSE
bar chocolate chip,calcium carbonate, CALCIUM CARBONATE
bar chocolate chip,glycerin, GLYCERIN
bar chocolate chip,maltodextrin, MALTODEXTRIN
bar chocolate chip,canola oil, CANOLA OIL
bar chocolate chip,calcium carbonate, CALCIUM CARBONATE
bar chocolate chip,zinc oxide, ZINC OXIDE
bar chocolate chip,copper gluconate, COPPER GLUCONATE
bar chocolate chip,potassium iodide, POTASSIUM IODIDE
bar chocolate chip,tricalcium phosphate, TRICALCIUM PHOSPHATE
bar chocolate chip,xanthan gum, XANTHAN GUM
bar smores,calcium carbonate, CALCIUM CARBONATE
bar smores,sucralose, SUCRALOSE
bar smores,glycerin, GLYCERIN
bar smores,fructose, FRUCTOSE
bar smores,corn syrup solids, CORN SYRUP SOLIDS
bar smores,canola oil, CANOLA OIL
bar smores,zinc oxide, ZINC OXIDE
bar smores,copper gluconate, COPPER GLUCONATE
bar smores,potassium iodide, POTASSIUM IODIDE
bar smores,tricalcium phosphate, TRICALCIUM PHOSPHATE
bar smores,sucralose, SUCRALOSE
bar chocolate deluxe,sucralose, SUCRALOSE
bar chocolate deluxe,glycerin, GLYCERIN
bar chocolate deluxe,calcium carbonate, CALCIUM CARBONATE
bar chocolate deluxe,niacinamide, NIACINAMIDE
bar chocolate deluxe,biotin, BIOTIN
bar chocolate deluxe,vitamin a palmitate, VITAMIN A PALMITATE
bar chocolate deluxe,pyridoxine hydrochloride, PYRIDOXINE HYDROCHLORIDE
bar chocolate deluxe,riboflavin, RIBOFLAVIN
bar chocolate deluxe,sucralose,  SUCRALOSE
advantage bar chocolate chip granola,glycerin, GLYCERIN
advantage bar chocolate chip granola,polydextrose, POLYDEXTROSE
advantage bar chocolate chip granola,calcium carbonate, CALCIUM CARBONATE
advantage bar chocolate chip granola,artificial ingredient, NATURAL AND ARTIFICIAL FLAVORS
advantage bar chocolate chip granola,magnesium oxide, MAGNESIUM OXIDE
advantage bar chocolate chip granola,vitamin a,VITAMIN C
advantage bar chocolate chip granola,sodium ascorbate, SODIUM ASCORBATE
advantage bar chocolate chip granola,niacinamide, NIACINAMIDE
advantage bar chocolate chip granola,zinc oxide, ZINC OXIDE
advantage bar chocolate chip granola,vitamin b,VITAMIN B6
advantage bar chocolate chip granola,vitamin b,VITAMIN B1
advantage bar chocolate chip granola,vitamin b,VITAMIN B2
advantage bar chocolate chip granola,vitamin a palmitate, VITAMIN A PALMITATE
advantage bar chocolate chip granola,biotin, BIOTIN
advantage bar chocolate chip granola,vitamin b,VITAMIN B12
advantage bar chocolate chip granola,sucralose, SUCRALOSE
advantage bar chocolate chip granola,acesulfame potassium, ACESULFAME POTASSIUM
blueberry fig bars,canola oil, Canola Oil 
blueberry fig bars,guar gum, Guar Gum
blueberry fig bars,citric acid, Citric Acid
gluten free fig bars,canola oil, Canola Oil 
gluten free fig bars,guar gum, Guar Gum
gluten free fig bars,citric acid, Citric Acid
peanut butter bar,fructose, Fructose
peanut butter bar,sugar, Sugar
peanut butter bar,maltodextrin, Maltodextrin
chocolate mint cookies bar,fructose, Fructose
chocolate mint cookies bar,sugar, Sugar
chocolate mint cookies bar,invert sugar, Invert Sugar
chocolate mint cookies bar,maltodextrin, Maltodextrin
chocolate mint cookies bar,lactose, Lactose
chocolate mint cookies bar,canola oil, Canola Oil
chocolate mint cookies bar,sodium bicarbonate, Sodium Bicarbonate
cookies dough bar,calcium caseinate, Calcium Caseinate
cookies dough bar,fructose, Fructose
cookies dough bar,sugar, Sugar
cookies dough bar,canola oil, Canola Oil
cookies dough bar,sodium bicarbonate, Sodium Bicarbonate
cookies dough bar,lactose, Lactose
cookies dough bar,maltodextrin, Maltodextrin
cookies dough bar,dextrose, Dextrose
cookies dough bar,calcium carbonate, Calcium Carbonate
cookies dough bar,ascorbic acid, Ascorbic Acid
cookies dough bar,niacinamide, Niacinamide
cookies dough bar,zinc oxide, Zinc Oxide
cookies dough bar,copper gluconate, Copper Gluconate
cookies dough bar,calcium pantothenate, Calcium Pantothenate
cookies dough bar,manganese sulfate, Manganese Sulfate
cookies dough bar,pyridoxine hydrochloride, Pyridoxine Hydrochloride
cookies dough bar,riboflavin, Riboflavin
cookies dough bar,biotin, Biotin
cookies dough bar,potassium iodide, Potassium Iodide
gold caramel nut blast bar,sugar, Sugar
gold caramel nut blast bar,maltodextrin, Maltodextrin
gold caramel nut blast bar,fructose, Fructose
gold caramel nut blast bar,sodium citrate, Sodium Citrate
gold caramel nut blast bar,magnesium oxide, Magnesium Oxide
gold caramel nut blast bar,ascorbic acid, Ascorbic Acid
gold caramel nut blast bar,niacinamide, Niacinamide
gold caramel nut blast bar,zinc oxide, Zinc Oxide
gold caramel nut blast bar,copper gluconate, Copper Gluconate
gold caramel nut blast bar,calcium pantothenate, Calcium Pantothenate
gold caramel nut blast bar,manganese sulfate, Manganese Sulfate
gold caramel nut blast bar,pyridoxine hydrochloride, Pyridoxine Hydrochloride
gold caramel nut blast bar,riboflavin, Riboflavin
gold caramel nut blast bar,biotin, Biotin
gold caramel nut blast bar,potassium iodide, Potassium Iodide
dark chocolate almond bar,ferrous fumarate, Ferrous Fumarate
dark chocolate almond bar,pyridoxine hydrochloride, Pyridoxine Hydrochloride
dark chocolate almond bar,vitamin a palmitate, Vitamin A Palmitate Riboflavin
double dark chocolate bar,invert sugar, Invert Sugar
double dark chocolate bar,vanilla, Vanilla
chocolate peanut butter bar,corn syrup, Corn Syrup
chocolate peanut butter bar,fructose, Fructose
chocolate peanut butter bar,gellan gum, Gellan Gum
chocolate peanut butter bar,ascorbic acid, Ascorbic Acid
chocolate peanut butter bar,magnesium oxide, Magnesium Oxide
chocolate peanut butter bar,ascorbyl palmitate, Ascorbyl Palmitate
chocolate peanut butter bar,niacinamide, Niacinamide
chocolate peanut butter bar,zinc oxide, Zinc Oxide
chocolate peanut butter bar,pyridoxine hydrochloride, Pyridoxine Hydrochloride
chocolate peanut butter bar,calcium pantothenate, Calcium Pantothenate
chocolate peanut butter bar,riboflavin, Riboflavin
chocolate peanut butter bar,vitamin a palmitate, Vitamin A Palmitate
chocolate peanut butter bar,biotin, Biotin
strawberry yogurt bar,corn syrup, Corn Syrup
strawberry yogurt bar,vanilla, Vanilla
strawberry yogurt bar,lactic acid, Lactic Acid
strawberry yogurt bar,fructose, Fructose
strawberry yogurt bar,gellan gum, Gellan Gum
strawberry yogurt bar,citric acid, Citric Acid
strawberry yogurt bar,guar gum, Guar Gum
strawberry yogurt bar,magnesium oxide, Magnesium Oxide
strawberry yogurt bar,ascorbyl palmitate, Ascorbyl Palmitate
strawberry yogurt bar,niacinamide, Niacinamide
strawberry yogurt bar,zinc oxide, Zinc Oxide
strawberry yogurt bar,pyridoxine hydrochloride, Pyridoxine Hydrochloride
strawberry yogurt bar,calcium pantothenate, Calcium Pantothenate
strawberry yogurt bar,riboflavin, Riboflavin
strawberry yogurt bar,vitamin a palmitate, Vitamin A Palmitate
strawberry yogurt bar,biotin, Biotin
fudge graham,"corn syrup, high fructose",High Fructose Corn Syrup
fudge graham,honey, Honey
fudge graham,glycerin, Glycerin
fudge graham,tricalcium phosphate, Tricalcium Phosphate
fudge graham,ascorbic acid, Ascorbic Acid
fudge graham,magnesium oxide, Magnesium Oxide
fudge graham,maltodextrin, Maltodextrin
fudge graham,ascorbyl palmitate, Ascorbyl Palmitate
fudge graham,niacinamide, Niacinamide
fudge graham,zinc oxide, Zinc Oxide
fudge graham,pyridoxine hydrochloride, Pyridoxine Hydrochloride
fudge graham,calcium pantothenate, Calcium Pantothenate
fudge graham,riboflavin, Riboflavin
fudge graham,vitamin a palmitate, Vitamin A Palmitate
fudge graham,biotin, Biotin
chocolate mint bar,corn syrup, Corn Syrup
chocolate mint bar,vanilla, Vanilla
chocolate mint bar,xanthan gum, Xanthan Gum
chocolate mint bar,ascorbic acid, Ascorbic Acid
chocolate mint bar,magnesium oxide, Magnesium Oxide
chocolate mint bar,ascorbyl palmitate, Ascorbyl Palmitate
chocolate mint bar,niacinamide, Niacinamide
chocolate mint bar,zinc oxide, Zinc Oxide
chocolate mint bar,pyridoxine hydrochloride, Pyridoxine Hydrochloride
chocolate mint bar,calcium pantothenate, Calcium Pantothenate
chocolate mint bar,riboflavin, Riboflavin
chocolate mint bar,vitamin a palmitate, Vitamin A Palmitate
chocolate mint bar,biotin, Biotin
thinkthin chunky chocolate peanut bar,vanilla, Vanilla
thinkthin chunky chocolate peanut bar,glycerin, Glycerin
protein and fiber bar smores,glycerin, GLYCERIN
protein and fiber bar smores,dicalcium phosphate, DICALCIUM PHOSPHATE
protein and fiber bar smores,vitamin a,VITAMIN C
protein and fiber bar smores,niacinamide, NIACINAMIDE
protein and fiber bar smores,vitamin b,VITAMIN B6
protein and fiber bar smores,vitamin b,VITAMIN B2
protein and fiber bar smores,vitamin b,VITAMIN B1
protein and fiber bar smores,vitamin b,VITAMIN B12
thinkthin salted caramel bar,glycerin, Glycerin
thinkthin salted caramel bar,dicalcium phosphate, Dicalcium Phosphate
thinkthin salted caramel bar,vitamin a,Vitamin C
thinkthin salted caramel bar,niacinamide, Niacinamide
thinkthin salted caramel bar,vitamin b,Vitamin B6
thinkthin salted caramel bar,vitamin b,Vitamin B2
thinkthin salted caramel bar,vitamin b,Vitamin B1
thinkthin salted caramel bar,vitamin b,Vitamin B12
nugo dark chocolate crunch bar,sodium bicarbonate, Sodium Bicarbonate
nugo dark chocolate coconut bar,dextrose, Dextrose
coconut pecan,agave nectar, Agave Nectar
coconut pecan,brown sugar, Brown Sugar
granola bar chocolate and sea salt craft seed bar,maple syrup, MAPLE SYRUP
luna protein chocolate peanut butter bar,evaporated cane juice, Organic Evaporated Cane Juice
luna protein cookie dough bar,evaporated cane juice, Organic Evaporated Cane Juice
thinkthin creamy peanut butter bar,glycerin, Glycerin
thinkthin creamy peanut butter bar,tricalcium phosphate, Tricalcium Phosphate
thinkthin creamy peanut butter bar,niacinamide, Niacinamide
thinkthin creamy peanut butter bar,zinc oxide, Zinc Oxide
thinkthin creamy peanut butter bar,vitamin a palmitate, Vitamin A Palmitate
thinkthin creamy peanut butter bar,calcium pantothenate, Calcium Pantothenate
thinkthin cookies cream bar,glycerin, Glycerin
thinkthin cookies cream bar,canola oil, Canola Oil
thinkthin chunky peanut butter bar,calcium caseinate, Calcium Caseinate
thinkthin chunky peanut butter bar,glycerin, Glycerin
thinkthin lemon delight high bar,tocopherols, Tocopherols
thinkthin lemon delight high bar,glycerin, Glycerin
thinkthin lemon delight high bar,canola oil, Canola Oil
thinkthin lemon delight high bar,citric acid, Citric Acid
thinkthin brownie crunch bar,glycerin, Glycerin
thinkthin white chocolate bar,glycerin, Glycerin
thinkthin white chocolate bar,calcium carbonate, Calcium Carbonate
thinkthin white chocolate bar,canola oil, Canola Oil
thinkthin white chocolate bar,tricalcium phosphate, Tricalcium Phosphate
thinkthin chocolate fudge bar,glycerin, Glycerin
thinkthin chocolate fudge bar,tricalcium phosphate, Tricalcium Phosphate
thinkthin chocolate fudge bar,niacin, Niacin
thinkthin chocolate fudge bar,riboflavin, Riboflavin
blueberry almond,agave nectar, Agave Nectar
blueberry almond,brown sugar, Brown Sugar
cherry almond,agave nectar, Agave Nectar
cherry almond,brown sugar, Brown Sugar
crispy squares chocolate chip,vanilla, VANILLA
crispy squares chocolate chip,cane sugar, CANE SUGAR
crispy squares vanilla,cane sugar, CANE SUGAR
coolmint chocolate clif bar,evaporated cane juice, Evaporated Cane Juice
coolmint chocolate clif bar,sodium bicarbonate, Sodium Bicarbonate
blueberry crisp clif bar,citric acid, Citric Acid
peanut butter crunch clif bar 41011_1,ascorbic acid, Ascorbic Acid
wheat free blueberry fruit bars,citric acid, Citric Acid
wheat free blueberry fruit bars,carob bean gum (locust bean gum), Locust Bean Gum
wheat free blueberry fruit bars,guar gum, Guar Gum
wheat free blueberry fruit bars,xanthan gum, Xanthan Gum
wheat free blueberry fruit bars,ginger, Ginger
wheat free strawberry fruit bars,citric acid, Citric Acid
wheat free strawberry fruit bars,carob bean gum (locust bean gum), Locust Bean Gum
wheat free strawberry fruit bars,guar gum, Guar Gum
wheat free strawberry fruit bars,xanthan gum, Xanthan Gum
wheat free strawberry fruit bars,ginger, Ginger
vanilla yogurt bar,corn syrup, Corn Syrup
vanilla yogurt bar,fructose, Fructose
vanilla yogurt bar,maltodextrin, Maltodextrin
vanilla yogurt bar,microcrystalline cellulose, Microcrystalline Cellulose
nugo slim raspberry truffle bar,calcium carbonate, Calcium Carbonate
nugo slim raspberry truffle bar,vanilla, Vanilla
orange smoothie bar,corn syrup, Corn Syrup
orange smoothie bar,fructose, Fructose
orange smoothie bar,maltodextrin, Maltodextrin
orange smoothie bar,microcrystalline cellulose, Microcrystalline Cellulose
orange smoothie bar,guar gum, Guar Gum
bar slim espresso,calcium carbonate, CALCIUM CARBONATE
bar slim espresso,vanilla, VANILLA
bar slim espresso,microcrystalline cellulose, MICROCRYSTALLINE CELLULOSE
bar slim espresso,guar gum, GUAR GUM
bar slim brownie crunch,calcium caseinate, CALCIUM CASEINATE
bar slim brownie crunch,vanilla, VANILLA
bar slim crunchy peanut butter,microcrystalline cellulose, MICROCRYSTALLINE CELLULOSE
nugo slim bar chocolate mint,microcrystalline cellulose, MICROCRYSTALLINE CELLULOSE
nugo slim bar toasted coconut,dextrose, DEXTROSE
nugo slim bar toasted coconut,microcrystalline cellulose, MICROCRYSTALLINE CELLULOSE
bar organic double dark chocolate,calcium carbonate, CALCIUM CARBONATE
organic dark chocolate almond bar,calcium carbonate, Calcium Carbonate
bar organic dark chocolate pomegranate,calcium carbonate, CALCIUM CARBONATE
bar organic dark chocolate pomegranate,citric acid, CITRIC ACID
triple chocolate crunch bar,niacin, Niacin
triple chocolate crunch bar,sugar, Sugar
triple chocolate crunch bar,fructose, Fructose
triple chocolate crunch bar,ammonium bicarbonate, Ammonium Bicarbonate
dark chocolate cherry and sea salt granola bar,citric acid, CITRIC ACID 
bar caramel almond and sea salt,honey, HONEY
bar caramel almond and sea salt,sugar, SUGAR
bar cranberry and almond,sugar, SUGAR
bar cranberry and almond,honey, HONEY
bar cranberry and almond,ascorbic acid,ASCORBIC ACID
bar madagascar vanilla almond,honey, HONEY
bar madagascar vanilla almond,sugar, SUGAR
bar madagascar vanilla almond,calcium carbonate, CALCIUM CARBONATE
bar maple glazed pecan and sea salt,honey, HONEY
bar maple glazed pecan and sea salt,maple syrup, MAPLE SYRUP
bar maple glazed pecan and sea salt,sugar, SUGAR
bar dark chocolate cinnamon pecan,honey, HONEY
bar dark chocolate cinnamon pecan,sugar, SUGAR
bar dark chocolate mocha almond,honey, HONEY
bar dark chocolate mocha almond,coffee, COFFEE
bar dark chocolate mocha almond,sugar, SUGAR
dark chocolate cherry cashew plus antioxidants bars,honey, Honey
blueberry pecan plus fiber bars,raw sugar, Raw Sugar
blueberry pecan plus fiber bars,sugar, Sugar
blueberry pecan plus fiber bars,honey, Honey
almond and coconut bars,honey, Honey
almond and coconut bars,glucose, Glucose
kind raspberry cashew chia nut bar,honey, HONEY
kind raspberry cashew chia nut bar,sugar, SUGAR
kind honey roasted nuts sea salt nuts and spices bars,honey, HONEY
kind honey roasted nuts sea salt nuts and spices bars,sugar, SUGAR
apple cinnamon and pecan bars,honey, Honey
dark chocolate nuts and sea salt bars,honey, Honey
dark chocolate nuts and sea salt bars,sugar, Sugar
peanut butter dark chocolate plus protein bars,honey, Honey
kind dark chocolate almond mint nuts and spices bar,honey, HONEY
kind dark chocolate almond mint nuts and spices bar,sugar, SUGAR
pomegranate blueberry pistachio plus antioxidants bars,honey, Honey
pomegranate blueberry pistachio plus antioxidants bars,pomegranate, Pomegranate
kind dark chocolate almond coconut fruit and nut bar,honey, HONEY
kind dark chocolate almond coconut fruit and nut bar,sugar, SUGAR
organic lemon zest luna bar,sodium citrate, Sodium Citrate
blueberry bliss luna bar,citric acid, Citric Acid
caramel apple gluten free snack bar,xanthan gum, Xanthan Gum
caramel apple gluten free snack bar,vanilla, Vanilla
protein bar vanilla almond crisp,calcium carbonate, CALCIUM CARBONATE
protein bar vanilla almond crisp,sugar, SUGAR
protein bar dark chocolate peanut,vanilla, VANILLA
chocolate coconut bars,"almond, bitter",Almond Butter
dark chocolate sunflower mint bars,calcium carbonate, Calcium Carbonate
dark chocolate hazelnut bars,calcium carbonate, Calcium Carbonate
peanut chocolate chip fiber dlish bar,vanilla, Vanilla
nugo stronger peanut cluster bar,vanilla, Vanilla
nugo stronger peanut cluster bar,cane sugar, Cane Sugar
nugo stronger peanut cluster bar,cane sugar, Cane Sugar
dark chocolate nugo stronger bar,vanilla, Vanilla
dark chocolate nugo stronger bar,sodium citrate, Sodium Citrate
dark chocolate nugo stronger bar,canola oil, Canola Oil
caramel pretzel bar,vanilla, Vanilla
caramel pretzel bar,cane sugar, Cane Sugar
caramel pretzel bar,cane sugar, Cane Sugar
peanut butter chocolate chip 204203_1,vanilla, VANILLA
chocolate chip cookies dough bars,vanilla, Vanilla
bites pnut btr jelly gf,sugar, SUGAR
coconut chocolate chip bar,vanilla, Vanilla
big fig blueberry fig 204362_1,xanthan gum, XANTHAN GUM
big fig mission fig,xanthan gum, XANTHAN GUM
fat free fig newmans,corn syrup, Corn Syrup
whenever bars chocolate chip peanut oat butter,xanthan gum, XANTHAN GUM
oat cranberry almond bars,xanthan gum, Xanthan Gum
oat raisin walnut bar,xanthan gum, Xanthan Gum
oat raisin walnut bar,coconut sugar, Coconut Sugar
oat chocolate chip coconut bars,xanthan gum, Xanthan Gum
oat blueberry lemon bars,xanthan gum, Xanthan Gum
oat blueberry lemon bars,nutmeg, Nutmeg
redd peanut butter superfood energy bar,vanilla, Vanilla
redd peanut butter superfood energy bar,vitamin b12, Vitamin B12
redd peanut butter superfood energy bar,ascorbic acid, Ascorbic Acid
redd peanut butter superfood energy bar,niacinamide, Niacinamide
redd peanut butter superfood energy bar,riboflavin, Riboflavin
redd chocolate superfood energy bar,vanilla, Vanilla
redd chocolate superfood energy bar,vitamin b12, Vitamin B12
redd chocolate superfood energy bar,ascorbic acid, Ascorbic Acid
redd chocolate superfood energy bar,niacinamide, Niacinamide
redd chocolate superfood energy bar,riboflavin, Riboflavin
redd oatmeal superfood energy bar,vanilla,  Vanilla
redd oatmeal superfood energy bar,vitamin b12, Vitamin B12
redd oatmeal superfood energy bar,ascorbic acid, Ascorbic Acid
redd oatmeal superfood energy bar,niacinamide, Niacinamide
redd oatmeal superfood energy bar,riboflavin, Riboflavin
biscuits organic honey chia,cane sugar, CANE SUGAR
biscuits organic honey chia,honey, HONEY
organic biscuits blueberry chia,cane sugar, CANE SUGAR
bar protein coconut chocolate,cacao, CACAO
thinkthin hot oatmeal honey peanut butter,honey, HONEY
almond honey protein bar,honey, Honey
carob chips protein bar,honey, Honey
cinnamon roll protein bar,calcium carbonate, Calcium Carbonate
white chocolate raspberry protein bar,sucralose, Sucralose
brownie chocolate protein bar,calcium carbonate, Calcium Carbonate
brownie chocolate protein bar,sucralose, Sucralose
ar protein bar mint chocolate chunk,dextrin, DEXTRIN
ar protein bar mint chocolate chunk,sucralose, SUCRALOSE
ar protein bar mint chocolate chunk,turmeric, TURMERIC
ar protein bar mint chocolate chunk,xanthan gum, XANTHAN GUM
cookies cream protein bar,dextrin, Dextrin
cookies cream protein bar,calcium carbonate, Calcium Carbonate
cookies cream protein bar,sucralose, Sucralose
cookies cream protein bar,xanthan gum, Xanthan Gum
smores protein bars,sucralose, Sucralose
smores protein bars,cellulose gum, Cellulose Gum
smores protein bars,xanthan gum, Xanthan Gum
chocolate chip cookie dough protein bar,sucralose, Sucralose
double chocolate chunk protein bar,calcium carbonate, Calcium Carbonate
protein bar mocha chocolate chip,xanthan gum, XANTHAN GUM
all natural banana oats bar,xanthan gum, Xanthan Gum
all natural peanut butter oats bar,xanthan gum, Xanthan Gum
all natural coconut oats bar,xanthan gum, Xanthan Gum
all natural cinnamon raisin oats bar,xanthan gum, Xanthan Gum
gluten free maple pecan oats bar,xanthan gum, Xanthan Gum
bobos stuffed oat bars chocolate almond butterfilled,xanthan gum, XANTHAN GUM
bobos oat bars coconut almond butter filled,xanthan gum, XANTHAN GUM
bobos oat bars chocolate chip,xanthan gum, XANTHAN GUM
gluten free lemon poppyseed oats bar,xanthan gum, Xanthan Gum
all natural almond oats bar,xanthan gum, Xanthan Gum
all natural original 3 oz bars,xanthan gum, XANTHAN GUM
bars peach,glycerin, GLYCERIN
bars peach,carob bean gum (locust bean gum), LOCUST BEAN GUM
bars peach,xanthan gum, XANTHAN GUM
bar lemon meringue pie,calcium carbonate, CALCIUM CARBONATE
bar lemon meringue pie,citric acid, CITRIC ACID
peanut butter chocolate base bar,citric acid, Citric Acid
bar chicken sriracha,lactic acid, LACTIC ACID
bar chicken sriracha,garlic, GARLIC
bar chicken sriracha,paprika, PAPRIKA
bar chicken sriracha,onion, ONION
bar bison uncured bacon cranberry,brown sugar, BROWN SUGAR
bar bison uncured bacon cranberry,lactic acid, LACTIC ACID
bar beef apple uncured bacon,lactic acid, LACTIC ACID
mint chocolate base protein bar,citric acid, Citric Acid
mint chocolate base protein bar,ascorbic acid, Ascorbic Acid
cookie dough base protein bar,sugar, Sugar
cookie dough base protein bar,molasses, Molasses
cookie dough base protein bar,citric acid, Citric Acid
bar chicken sesame bbq seasoned,garlic, GARLIC
bar chicken sesame bbq seasoned,onion, ONION
bar chicken sesame bbq seasoned,ginger, GINGER
bar venison sea salt pepper,lactic acid, LACTIC ACID
kind healthy grains dark chocolate whole grain clusters,canola oil, CANOLA OIL
snack bar original,lactic acid, LACTIC ACID
snack bar original,gellan gum, GELLAN GUM
meal bar banana nut bread,rice syrup, RICE SYRUP
meal bar banana nut bread,molasses, MOLASSES
peanut butter meal bar,citric acid, Citric Acid
peanut butter meal bar,ascorbic acid, Ascorbic Acid
almond crunch meal bar,glycerin, Glycerin
almond crunch meal bar,rice syrup, Rice Syrup 
almond crunch meal bar,molasses, Molasses 
whole berry blast meal bar,barley malt syrup, Barley Malt Syrup
peanut butter chocolate chip meal bar,citric acid, Citric Acid
peanut butter chocolate chip meal bar,ascorbic acid, Ascorbic Acid
meal bar oatmeal chocolate chip,molasses, MOLASSES
meal bar oatmeal chocolate chip,rice syrup, RICE SYRUP
superberry greens bar,evaporated cane juice, Organic Evaporated Cane Juice
organic superfood slam bar,evaporated cane juice, Organic Evaporated Cane Juice
organic superfood slam bar,barley malt syrup, Barley Malt Syrup
dark salt and malt organic chocolate bar,barley malt, BARLEY MALT
